,imagerow,imagecol
GTGCCGCTTCAAAGGT-1,347.434755,261.161125
AGAAGGTTGCCGAATT-1,336.678679,261.206130
GTCTGGGCGGTCGAGA-1,358.235836,261.071116
TGCGTAAGAACCTGAT-1,342.034215,258.100819
GTGCGAAATCGAACAC-1,352.790291,258.010810
ATCAGACGGCACGCCG-1,347.389751,254.950504
AGGACGACCCATTAGA-1,342.079220,264.266436
GATACGATGGGAGTCA-1,352.835296,264.221431
GACACTGAGTTCAGTG-1,347.479760,267.326742