{"tissue_hires_scalef": 0.07285444, "tissue_lowres_scalef": 0.02185633, "fiducial_diameter_fullres": 304.61305842120373, "spot_diameter_fullres": 188.56998854645946}